{
    "6646618850": {
        "balance": 979.39,
        "wallet_address": null,
        "bet_history": {
            "odd_wins": 5,
            "odd_losses": 5,
            "even_wins": 0,
            "even_losses": 0
        },
        "language": "fa"
    },
    "6114006974": {
        "balance": 488.3,
        "wallet_address": null,
        "bet_history": {
            "odd_wins": 5,
            "odd_losses": 5,
            "even_wins": 0,
            "even_losses": 1
        },
        "language": "fa"
    },
    "6619060854": {
        "balance": 0.3,
        "wallet_address": null
    },
    "7480113615": {
        "balance": 5.0,
        "wallet_address": null,
        "language": "fa",
        "bet_history": {
            "odd_wins": 0,
            "odd_losses": 0,
            "even_wins": 0,
            "even_losses": 1
        }
    }
}